id,fps,version,estimated_accuracy,estimated_accuracy_after_interpolation,percentage_identified,estimated_accuracy_identified
20190611_1331_icab_icab_R_no_q1,30,5.2.10,0.9998826153304379,1.0,1.0,1.0
20190611_1331_icab_icab_R_no_q2,30,5.2.10,0.9999334641870987,1.0,0.9901111111111112,1.0
20190611_1331_icab_icab_R_no_q3,30,5.2.10,0.9990846276501506,1.0,0.9964166666666666,1.0
20190611_1331_icab_icab_R_no_q4,30,5.2.10,0.9992451142114239,1.0,0.9964722222222222,1.0
20190611_1331_icab_icab_R_of_q1,30,5.2.10,0.9999436683190627,1.0,1.0,1.0
20190611_1331_icab_icab_R_of_q2,30,5.2.10,0.9999428653049565,1.0,0.9997222222222222,1.0
20190611_1331_icab_icab_R_of_q3,30,5.2.10,1.0,1.0,0.9983333333333333,1.0
20190611_1331_icab_icab_R_of_q4,30,5.2.10,,,,
20190611_1410_icab_kaga_R_no_q1,30,5.2.10,1.0,1.0,0.9985277777777778,1.0
20190611_1410_icab_kaga_R_no_q2,30,5.2.10,1.0,1.0,1.0,1.0
20190611_1410_icab_kaga_R_no_q3,30,5.2.10,1.0,1.0,1.0,1.0
20190611_1410_icab_kaga_R_no_q4,30,5.2.10,1.0,1.0,0.9998888888888889,1.0
20190611_1410_icab_kaga_R_of_q1,30,5.2.10,0.9996029269952919,1.0,0.9949444444444444,1.0
20190611_1410_icab_kaga_R_of_q2,30,5.2.10,1.0,1.0,0.9795,1.0
20190611_1410_icab_kaga_R_of_q3,30,5.2.10,0.9989372413021591,1.0,0.9966111111111111,1.0
20190611_1410_icab_kaga_R_of_q4,30,5.2.10,0.9990297357456767,1.0,0.9736111111111111,1.0
20190611_1454_icab_hni_R_no_q1,30,5.2.10,1.0,1.0,1.0,1.0
20190611_1454_icab_hni_R_no_q2,30,5.2.10,1.0,1.0,1.0,1.0
20190611_1454_icab_hni_R_no_q3,30,5.2.10,1.0,1.0,0.9949444444444444,1.0
20190611_1454_icab_hni_R_no_q4,30,5.2.10,1.0,1.0,0.9998333333333334,1.0
20190611_1454_icab_hni_R_of_q1,30,5.2.10,1.0,1.0,0.9973055555555556,1.0
20190611_1454_icab_hni_R_of_q2,30,5.2.10,1.0,1.0,1.0,1.0
20190611_1454_icab_hni_R_of_q3,30,5.2.10,,,,
20190611_1454_icab_hni_R_of_q4,30,5.2.10,1.0,1.0,0.9979444444444444,1.0
20190611_1552_icab_hni_R_no_q1,30,5.2.10,0.9999436619718309,1.0,0.9994722222222222,1.0
20190611_1552_icab_hni_R_no_q2,30,5.2.10,,,,
20190611_1552_icab_hni_R_no_q3,30,5.2.10,1.0,1.0,1.0,1.0
20190611_1552_icab_hni_R_no_q4,30,5.2.10,1.0,1.0,1.0,1.0
20190611_1552_icab_hni_R_of_q1,30,5.2.10,1.0,1.0,0.9999722222222223,1.0
20190611_1552_icab_hni_R_of_q2,30,5.2.10,1.0,1.0,1.0,1.0
20190611_1552_icab_hni_R_of_q3,30,5.2.10,1.0,1.0,1.0,1.0
20190611_1552_icab_hni_R_of_q4,30,5.2.10,1.0,1.0,1.0,1.0
20190611_1628_icab_hdr_R_no_q1,30,5.2.10,1.0,1.0,0.9981944444444445,1.0
20190611_1628_icab_hdr_R_no_q2,30,5.2.10,1.0,1.0,1.0,1.0
20190611_1628_icab_hdr_R_no_q3,30,5.2.10,,,,
20190611_1628_icab_hdr_R_no_q4,30,5.2.10,1.0,1.0,1.0,1.0
20190611_1628_icab_hdr_R_of_q1,30,5.2.10,0.9994308966223715,1.0,0.9801111111111112,1.0
20190611_1628_icab_hdr_R_of_q2,30,5.2.10,1.0,1.0,0.9999444444444444,1.0
20190611_1628_icab_hdr_R_of_q3,30,5.2.10,,,,
20190611_1628_icab_hdr_R_of_q4,30,5.2.10,0.9998881713215354,1.0,0.9995833333333334,1.0
20190611_1658_icab_ho5_R_no_q1,30,5.2.10,0.9998887900355872,1.0,0.9992222222222222,1.0
20190611_1658_icab_ho5_R_no_q2,30,5.2.10,1.0,1.0,0.9999444444444444,1.0
20190611_1658_icab_ho5_R_no_q3,30,5.2.10,0.9990660897176478,1.0,0.9928333333333333,1.0
20190611_1658_icab_ho5_R_no_q4,30,5.2.10,0.9999166597216435,1.0,1.0,1.0
20190611_1658_icab_ho5_R_of_q1,30,5.2.10,1.0,1.0,0.9986111111111111,1.0
20190611_1658_icab_ho5_R_of_q2,30,5.2.10,0.9994979219547572,1.0,0.9961666666666666,1.0
20190611_1658_icab_ho5_R_of_q3,30,5.2.10,0.9990508513575702,1.0,0.9992222222222222,1.0
20190611_1658_icab_ho5_R_of_q4,30,5.2.10,1.0,1.0,0.9999166666666667,1.0
20190612_0952_icab_icab_R_no_q1,30,5.2.10,0.9999718721872187,1.0,0.9936666666666667,1.0
20190612_0952_icab_icab_R_no_q2,30,5.2.10,1.0,1.0,0.9938333333333333,1.0
20190612_0952_icab_icab_R_no_q3,30,5.2.10,,,,
20190612_0952_icab_icab_R_no_q4,30,5.2.10,,,,
20190612_0952_icab_icab_R_of_q1,30,5.2.10,0.9997209198481803,1.0,1.0,1.0
20190612_0952_icab_icab_R_of_q2,30,5.2.10,,,,
20190612_0952_icab_icab_R_of_q3,30,5.2.10,0.9975878226633765,1.0,1.0,1.0
20190612_0952_icab_icab_R_of_q4,30,5.2.10,0.9921668137687555,1.0,0.99925,1.0
20190612_1053_icab_kaga_R_no_q1,30,5.2.10,,,,
20190612_1053_icab_kaga_R_no_q2,30,5.2.10,1.0,1.0,1.0,1.0
20190612_1053_icab_kaga_R_no_q3,30,5.2.10,1.0,1.0,0.9996111111111111,1.0
20190612_1053_icab_kaga_R_no_q4,30,5.2.10,1.0,1.0,0.9964722222222222,1.0
20190612_1053_icab_kaga_R_of_q1,30,5.2.10,1.0,1.0,1.0,1.0
20190612_1053_icab_kaga_R_of_q2,30,5.2.10,1.0,1.0,1.0,1.0
20190612_1053_icab_kaga_R_of_q3,30,5.2.10,1.0,1.0,1.0,1.0
20190612_1053_icab_kaga_R_of_q4,30,5.2.10,1.0,1.0,0.9998055555555555,1.0
20190612_1123_icab_hni_R_no_q1,30,5.2.10,0.9999717577948486,1.0,0.9928888888888889,1.0
20190612_1123_icab_hni_R_no_q2,30,5.2.10,1.0,1.0,1.0,1.0
20190612_1123_icab_hni_R_no_q3,30,5.2.10,,,,
20190612_1123_icab_hni_R_no_q4,30,5.2.10,1.0,1.0,0.9996111111111111,1.0
20190612_1123_icab_hni_R_of_q1,30,5.2.10,0.9999440747161792,1.0,0.9990555555555556,1.0
20190612_1123_icab_hni_R_of_q2,30,5.2.10,1.0,1.0,0.9974722222222222,1.0
20190612_1123_icab_hni_R_of_q3,30,5.2.10,1.0,1.0,1.0,1.0
20190612_1123_icab_hni_R_of_q4,30,5.2.10,1.0,1.0,1.0,1.0
20190612_1236_icab_kaga_R_no_q1,30,5.2.10,1.0,1.0,0.9981666666666666,1.0
20190612_1236_icab_kaga_R_no_q2,30,5.2.10,1.0,1.0,0.9992777777777778,1.0
20190612_1236_icab_kaga_R_no_q3,30,5.2.10,1.0,1.0,1.0,1.0
20190612_1236_icab_kaga_R_no_q4,30,5.2.10,1.0,1.0,0.9963611111111111,1.0
20190612_1236_icab_kaga_R_of_q1,30,5.2.10,0.9994036259541985,1.0,0.9731027039309248,1.0
20190612_1236_icab_kaga_R_of_q2,30,5.2.10,0.9982839221255696,1.0,0.9886957509656896,1.0
20190612_1236_icab_kaga_R_of_q3,30,5.2.10,0.9962618447361558,1.0,0.9824187684617133,1.0
20190612_1236_icab_kaga_R_of_q4,30,5.2.10,0.999588114151221,1.0,0.9748068620768007,1.0
20190612_1326_icab_kaga_R_no_q1,29,5.2.10,0.9990472615988683,1.0,0.9961494252873563,1.0
20190612_1326_icab_kaga_R_no_q2,29,5.2.10,0.9999690947862905,1.0,0.9839367816091954,1.0
20190612_1326_icab_kaga_R_no_q3,29,5.2.10,1.0,1.0,0.9969540229885058,1.0
20190612_1326_icab_kaga_R_no_q4,29,5.2.10,,,,
20190612_1326_icab_kaga_R_of_q1,29,5.2.10,1.0,1.0,0.9995689655172414,1.0
20190612_1326_icab_kaga_R_of_q2,29,5.2.10,0.9976248406905341,1.0,0.9944827586206897,1.0
20190612_1326_icab_kaga_R_of_q3,29,5.2.10,1.0,1.0,1.0,1.0
20190612_1326_icab_kaga_R_of_q4,29,5.2.10,,,,
20190612_1355_icab_ho5_R_no_q1,30,5.2.10,0.9999434517077584,1.0,1.0,1.0
20190612_1355_icab_ho5_R_no_q2,30,5.2.10,1.0,1.0,1.0,1.0
20190612_1355_icab_ho5_R_no_q3,30,5.2.10,0.9999057640961206,1.0,0.9989166666666667,1.0
20190612_1355_icab_ho5_R_no_q4,30,5.2.10,0.9993961736477468,1.0,0.9279722222222222,1.0
20190612_1355_icab_ho5_R_of_q1,30,5.2.10,0.9999440840975173,1.0,1.0,1.0
20190612_1355_icab_ho5_R_of_q2,30,5.2.10,1.0,1.0,1.0,1.0
20190612_1355_icab_ho5_R_of_q3,30,5.2.10,1.0,1.0,1.0,1.0
20190612_1355_icab_ho5_R_of_q4,30,5.2.10,0.9986387973017937,1.0,0.9413888888888889,1.0
20190612_1425_icab_kaga_R_no_q1,30,5.2.10,,,,
20190612_1425_icab_kaga_R_no_q2,30,5.2.10,0.9999706236597045,1.0,0.9984444444444445,1.0
20190612_1425_icab_kaga_R_no_q3,30,5.2.10,1.0,1.0,1.0,1.0
20190612_1425_icab_kaga_R_no_q4,30,5.2.10,1.0,1.0,0.9955555555555555,1.0
20190612_1425_icab_kaga_R_of_q1,30,5.2.10,1.0,1.0,0.9999434644957033,1.0
20190612_1425_icab_kaga_R_of_q2,30,5.2.10,0.999940216416572,1.0,0.9997738579828132,1.0
20190612_1425_icab_kaga_R_of_q3,30,5.2.10,1.0,1.0,0.9980212573496156,1.0
20190612_1425_icab_kaga_R_of_q4,30,5.2.10,1.0,1.0,1.0,1.0
20190612_1501_icab_icab_R_no_q1,30,5.2.10,0.9990248795029671,1.0,0.9960555555555556,1.0
20190612_1501_icab_icab_R_no_q2,30,5.2.10,,,,
20190612_1501_icab_icab_R_no_q3,30,5.2.10,0.9999438360011232,1.0,1.0,1.0
20190612_1501_icab_icab_R_no_q4,30,5.2.10,1.0,1.0,1.0,1.0
20190612_1501_icab_icab_R_of_q1,30,5.2.10,0.9999164135855786,1.0,0.9988055555555555,1.0
20190612_1501_icab_icab_R_of_q2,30,5.2.10,1.0,1.0,1.0,1.0
20190612_1501_icab_icab_R_of_q3,30,5.2.10,1.0,1.0,1.0,1.0
20190612_1501_icab_icab_R_of_q4,30,5.2.10,1.0,1.0,0.9998888888888889,1.0
20190612_1534_icab_hdr_R_no_q1,30,5.2.10,0.999916173018889,1.0,0.9940277777777777,1.0
20190612_1534_icab_hdr_R_no_q2,30,5.2.10,0.9999435570356155,1.0,1.0,1.0
20190612_1534_icab_hdr_R_no_q3,30,5.2.10,0.9997453166562906,1.0,0.9941944444444445,1.0
20190612_1534_icab_hdr_R_no_q4,30,5.2.10,1.0,1.0,0.9947222222222222,1.0
20190612_1534_icab_hdr_R_of_q1,30,5.2.10,1.0,1.0,1.0,1.0
20190612_1534_icab_hdr_R_of_q2,30,5.2.10,1.0,1.0,0.9998611111111111,1.0
20190612_1534_icab_hdr_R_of_q3,30,5.2.10,1.0,1.0,0.9943611111111111,1.0
20190612_1534_icab_hdr_R_of_q4,30,5.2.10,1.0,1.0,0.9993333333333333,1.0
20190612_1604_icab_hni_R_no_q1,30,5.2.10,1.0,1.0,0.9999722222222223,1.0
20190612_1604_icab_hni_R_no_q2,30,5.2.10,1.0,1.0,0.9975277777777778,1.0
20190612_1604_icab_hni_R_no_q3,30,5.2.10,1.0,1.0,0.9994722222222222,1.0
20190612_1604_icab_hni_R_no_q4,30,5.2.10,1.0,1.0,0.9983611111111111,1.0
20190612_1604_icab_hni_R_of_q1,30,5.2.10,1.0,1.0,0.9997777777777778,1.0
20190612_1604_icab_hni_R_of_q2,30,5.2.10,1.0,1.0,0.9869166666666667,1.0
20190612_1604_icab_hni_R_of_q3,30,5.2.10,1.0,1.0,0.9999722222222223,1.0
20190612_1604_icab_hni_R_of_q4,30,5.2.10,1.0,1.0,0.9997222222222222,1.0
20190612_1636_icab_icab_R_no_q1,30,5.2.10,0.9998870247980568,1.0,1.0,1.0
20190612_1636_icab_icab_R_no_q2,30,5.2.10,0.9998250575852116,1.0,0.9990555555555556,1.0
20190612_1636_icab_icab_R_no_q3,30,5.2.10,1.0,1.0,1.0,1.0
20190612_1636_icab_icab_R_no_q4,30,5.2.10,1.0,1.0,0.9816944444444444,1.0
20190612_1636_icab_icab_R_of_q1,30,5.2.10,1.0,1.0,0.9997777777777778,1.0
20190612_1636_icab_icab_R_of_q2,30,5.2.10,0.9999437854854123,1.0,1.0,1.0
20190612_1636_icab_icab_R_of_q3,30,5.2.10,,,,
20190612_1636_icab_icab_R_of_q4,30,5.2.10,0.9998858023810203,1.0,0.9822222222222222,1.0
20190612_1707_icab_hni_R_no_q1,30,5.2.10,1.0,1.0,0.9866111111111111,1.0
20190612_1707_icab_hni_R_no_q2,30,5.2.10,1.0,1.0,0.9999722222222223,1.0
20190612_1707_icab_hni_R_no_q3,30,5.2.10,1.0,1.0,0.9994166666666666,1.0
20190612_1707_icab_hni_R_no_q4,30,5.2.10,1.0,1.0,1.0,1.0
20190612_1707_icab_hni_R_of_q1,30,5.2.10,1.0,1.0,1.0,1.0
20190612_1707_icab_hni_R_of_q2,30,5.2.10,1.0,1.0,1.0,1.0
20190612_1707_icab_hni_R_of_q3,30,5.2.10,1.0,1.0,1.0,1.0
20190612_1707_icab_hni_R_of_q4,30,5.2.10,1.0,1.0,1.0,1.0
20190613_0953_icab_hni_R_no_q1,30,5.2.10,0.999718523939539,1.0,0.9871388888888889,1.0
20190613_0953_icab_hni_R_no_q2,30,5.2.10,1.0,1.0,1.0,1.0
20190613_0953_icab_hni_R_no_q3,30,5.2.10,1.0,1.0,1.0,1.0
20190613_0953_icab_hni_R_no_q4,30,5.2.10,1.0,1.0,1.0,1.0
20190613_0953_icab_hni_R_of_q1,30,5.2.10,0.9996926515786533,1.0,0.9944722222222222,1.0
20190613_0953_icab_hni_R_of_q2,30,5.2.10,1.0,1.0,1.0,1.0
20190613_0953_icab_hni_R_of_q3,30,5.2.10,1.0,1.0,1.0,1.0
20190613_0953_icab_hni_R_of_q4,30,5.2.10,1.0,1.0,1.0,1.0
20190613_1024_icab_hni_R_no_q1,30,5.2.10,1.0,1.0,0.99475,1.0
20190613_1024_icab_hni_R_no_q2,30,5.2.10,1.0,1.0,0.9933055555555556,1.0
20190613_1024_icab_hni_R_no_q3,30,5.2.10,1.0,1.0,1.0,1.0
20190613_1024_icab_hni_R_no_q4,30,5.2.10,0.9998757146408153,1.0,0.9975,1.0
20190613_1024_icab_hni_R_of_q1,30,5.2.10,1.0,1.0,0.9997222222222222,1.0
20190613_1024_icab_hni_R_of_q2,30,5.2.10,0.999907120743034,1.0,0.9858333333333333,1.0
20190613_1024_icab_hni_R_of_q3,30,5.2.10,1.0,1.0,1.0,1.0
20190613_1024_icab_hni_R_of_q4,30,5.2.10,0.9996223208384477,1.0,0.9998888888888889,1.0
20190613_1054_icab_hdr_R_no_q1,30,5.2.10,,,,
20190613_1054_icab_hdr_R_no_q2,30,5.2.10,1.0,1.0,0.9981111111111111,1.0
20190613_1054_icab_hdr_R_no_q3,30,5.2.10,1.0,1.0,0.9998333333333334,1.0
20190613_1054_icab_hdr_R_no_q4,30,5.2.10,1.0,1.0,1.0,1.0
20190613_1054_icab_hdr_R_of_q1,30,5.2.10,1.0,1.0,1.0,1.0
20190613_1054_icab_hdr_R_of_q2,30,5.2.10,1.0,1.0,1.0,1.0
20190613_1054_icab_hdr_R_of_q3,30,5.2.10,1.0,1.0,1.0,1.0
20190613_1054_icab_hdr_R_of_q4,30,5.2.10,,,,
20190613_1126_icab_hdr_R_no_q1,30,5.2.10,1.0,1.0,0.9691388888888889,1.0
20190613_1126_icab_hdr_R_no_q2,30,5.2.10,1.0,1.0,1.0,1.0
20190613_1126_icab_hdr_R_no_q3,30,5.2.10,0.9999718246365378,1.0,0.9981666666666666,1.0
20190613_1126_icab_hdr_R_no_q4,30,5.2.10,,,,
20190613_1126_icab_hdr_R_of_q1,30,5.2.10,1.0,1.0,0.9951666666666666,1.0
20190613_1126_icab_hdr_R_of_q2,30,5.2.10,1.0,1.0,0.9993888888888889,1.0
20190613_1126_icab_hdr_R_of_q3,30,5.2.10,1.0,1.0,0.9981388888888889,1.0
20190613_1126_icab_hdr_R_of_q4,30,5.2.10,,,,
20190613_1307_icab_hdr_R_no_q1,30,5.2.10,1.0,1.0,0.9981388888888889,1.0
20190613_1307_icab_hdr_R_no_q2,30,5.2.10,1.0,1.0,0.9968611111111111,1.0
20190613_1307_icab_hdr_R_no_q3,30,5.2.10,1.0,1.0,0.9998333333333334,1.0
20190613_1307_icab_hdr_R_no_q4,30,5.2.10,1.0,1.0,1.0,1.0
20190613_1307_icab_hdr_R_of_q1,30,5.2.10,0.9999395679105605,1.0,0.9881111111111112,1.0
20190613_1307_icab_hdr_R_of_q2,30,5.2.10,1.0,1.0,0.9999722222222223,1.0
20190613_1307_icab_hdr_R_of_q3,30,5.2.10,1.0,1.0,0.9981388888888889,1.0
20190613_1307_icab_hdr_R_of_q4,30,5.2.10,1.0,1.0,0.99975,1.0
20190613_1338_icab_ho5_R_no_q1,30,5.2.10,0.9985650052616474,1.0,0.9233888888888889,1.0
20190613_1338_icab_ho5_R_no_q2,30,5.2.10,1.0,1.0,0.9794166666666667,1.0
20190613_1338_icab_ho5_R_no_q3,30,5.2.10,0.9983582690580182,1.0,0.9868611111111111,1.0
20190613_1338_icab_ho5_R_no_q4,30,5.2.10,0.9997373001017962,1.0,0.9854722222222222,1.0
20190613_1338_icab_ho5_R_of_q1,30,5.2.10,0.9988729854615125,1.0,0.9871666666666666,1.0
20190613_1338_icab_ho5_R_of_q2,30,5.2.10,1.0,1.0,0.9990555555555556,1.0
20190613_1338_icab_ho5_R_of_q3,30,5.2.10,0.9999385975684637,1.0,0.9958888888888889,1.0
20190613_1338_icab_ho5_R_of_q4,30,5.2.10,0.999939706370022,1.0,0.9994722222222222,1.0
20190613_1420_icab_hni_R_no_q1,30,5.2.10,1.0,1.0,0.9996666666666667,1.0
20190613_1420_icab_hni_R_no_q2,30,5.2.10,1.0,1.0,1.0,1.0
20190613_1420_icab_hni_R_no_q3,30,5.2.10,1.0,1.0,0.9987777777777778,1.0
20190613_1420_icab_hni_R_no_q4,30,5.2.10,,,,
20190613_1420_icab_hni_R_of_q1,30,5.2.10,1.0,1.0,1.0,1.0
20190613_1420_icab_hni_R_of_q2,30,5.2.10,,,,
20190613_1420_icab_hni_R_of_q3,30,5.2.10,0.9999431171786121,1.0,0.9958333333333333,1.0
20190613_1420_icab_hni_R_of_q4,30,5.2.10,,,,
20190613_1511_icab_hdr_L_no_q1,30,5.2.10,1.0,1.0,1.0,1.0
20190613_1511_icab_hdr_L_no_q2,30,5.2.10,0.9998273083122265,1.0,1.0,1.0
20190613_1511_icab_hdr_L_no_q3,30,5.2.10,1.0,1.0,0.9997777777777778,1.0
20190613_1511_icab_hdr_L_no_q4,30,5.2.10,0.9999414005273952,1.0,0.999,1.0
20190613_1511_icab_hdr_L_of_q1,30,5.2.10,1.0,1.0,1.0,1.0
20190613_1511_icab_hdr_L_of_q2,30,5.2.10,1.0,1.0,0.9999722222222223,1.0
20190613_1511_icab_hdr_L_of_q3,30,5.2.10,1.0,1.0,1.0,1.0
20190613_1511_icab_hdr_L_of_q4,30,5.2.10,0.9999423298731257,1.0,1.0,1.0
20190613_1546_icab_hni_R_no_q1,30,5.2.10,0.9999679446082831,1.0,0.9706944444444444,1.0
20190613_1546_icab_hni_R_no_q2,30,5.2.10,0.9998760573854305,1.0,0.99725,1.0
20190613_1546_icab_hni_R_no_q3,30,5.2.10,0.9983045100033909,1.0,0.9353055555555555,1.0
20190613_1546_icab_hni_R_no_q4,30,5.2.10,0.9999161331805093,1.0,0.9990555555555556,1.0
20190613_1546_icab_hni_R_of_q1,30,5.2.10,0.9998708969434852,1.0,0.9706666666666667,1.0
20190613_1546_icab_hni_R_of_q2,30,5.2.10,0.999940109001617,1.0,0.99825,1.0
20190613_1546_icab_hni_R_of_q3,30,5.2.10,0.9997889086577606,1.0,0.9558055555555556,1.0
20190613_1546_icab_hni_R_of_q4,30,5.2.10,1.0,1.0,0.99975,1.0
20190613_1617_icab_ho5_L_no_q1,30,5.2.10,0.9999430912815843,1.0,0.9971111111111111,1.0
20190613_1617_icab_ho5_L_no_q2,30,5.2.10,1.0,1.0,0.9638055555555556,1.0
20190613_1617_icab_ho5_L_no_q3,30,5.2.10,1.0,1.0,0.9931388888888889,1.0
20190613_1617_icab_ho5_L_no_q4,30,5.2.10,0.9996387826976912,1.0,0.9973055555555556,1.0
20190613_1617_icab_ho5_L_of_q1,30,5.2.10,1.0,1.0,0.9990555555555556,1.0
20190613_1617_icab_ho5_L_of_q2,30,5.2.10,1.0,1.0,0.9570555555555555,1.0
20190613_1617_icab_ho5_L_of_q3,30,5.2.10,1.0,1.0,0.9963055555555556,1.0
20190613_1617_icab_ho5_L_of_q4,30,5.2.10,1.0,1.0,1.0,1.0
20190613_1648_icab_ho5_R_no_q1,30,5.2.10,0.9981541559458552,1.0,0.9950277777777777,1.0
20190613_1648_icab_ho5_R_no_q2,30,5.2.10,1.0,1.0,0.9995,1.0
20190613_1648_icab_ho5_R_no_q3,30,5.2.10,0.9997405293201869,1.0,0.9521111111111111,1.0
20190613_1648_icab_ho5_R_no_q4,30,5.2.10,1.0,1.0,0.9979722222222223,1.0
20190613_1648_icab_ho5_R_of_q1,30,5.2.10,,,,
20190613_1648_icab_ho5_R_of_q2,30,5.2.10,1.0,1.0,1.0,1.0
20190613_1648_icab_ho5_R_of_q3,30,5.2.10,1.0,1.0,0.9875833333333334,1.0
20190613_1648_icab_ho5_R_of_q4,30,5.2.10,0.9999441683881414,1.0,0.9990277777777777,1.0
20190614_1108_icab_ho5_L_no_q1,30,5.2.10,1.0,1.0,0.9987222222222222,1.0
20190614_1108_icab_ho5_L_no_q2,30,5.2.10,,,,
20190614_1108_icab_ho5_L_no_q3,30,5.2.10,0.9999165391570455,1.0,0.9985555555555555,1.0
20190614_1108_icab_ho5_L_no_q4,30,5.2.10,1.0,1.0,1.0,1.0
20190614_1108_icab_ho5_L_of_q1,30,5.2.10,0.9998847494741695,1.0,0.99975,1.0
20190614_1108_icab_ho5_L_of_q2,30,5.2.10,,,,
20190614_1108_icab_ho5_L_of_q3,30,5.2.10,,,,
20190614_1108_icab_ho5_L_of_q4,30,5.2.10,1.0,1.0,1.0,1.0
20190614_1139_icab_hni_R_no_q1,30,5.2.10,0.9999385315179642,1.0,0.99575,1.0
20190614_1139_icab_hni_R_no_q2,30,5.2.10,1.0,1.0,1.0,1.0
20190614_1139_icab_hni_R_no_q3,30,5.2.10,0.9999397481472555,1.0,0.9885,1.0
20190614_1139_icab_hni_R_no_q4,30,5.2.10,1.0,1.0,0.999,1.0
20190614_1139_icab_hni_R_of_q1,30,5.2.10,0.9998820754716982,1.0,0.9947222222222222,1.0
20190614_1139_icab_hni_R_of_q2,30,5.2.10,1.0,1.0,1.0,1.0
20190614_1139_icab_hni_R_of_q3,30,5.2.10,1.0,1.0,0.9981388888888889,1.0
20190614_1139_icab_hni_R_of_q4,30,5.2.10,1.0,1.0,0.9998888888888889,1.0
20190614_1208_icab_icab_L_no_q1,30,5.2.10,1.0,1.0,0.9863611111111111,1.0
20190614_1208_icab_icab_L_no_q2,30,5.2.10,1.0,1.0,0.9491111111111111,1.0
20190614_1208_icab_icab_L_no_q3,30,5.2.10,1.0,1.0,0.99475,1.0
20190614_1208_icab_icab_L_no_q4,30,5.2.10,1.0,1.0,0.9999444444444444,1.0
20190614_1208_icab_icab_L_of_q1,30,5.2.10,0.999942256611618,1.0,0.9953888888888889,1.0
20190614_1208_icab_icab_L_of_q2,30,5.2.10,0.9999414056777898,1.0,0.99675,1.0
20190614_1208_icab_icab_L_of_q3,30,5.2.10,1.0,1.0,0.9991111111111111,1.0
20190614_1208_icab_icab_L_of_q4,30,5.2.10,1.0,1.0,0.9995,1.0
20190614_1237_icab_hdr_L_no_q1,30,5.2.10,0.9999427311513902,1.0,0.9976666666666667,1.0
20190614_1237_icab_hdr_L_no_q2,30,5.2.10,0.9993210295660762,1.0,0.9809722222222222,1.0
20190614_1237_icab_hdr_L_no_q3,30,5.2.10,0.9999136466998647,1.0,0.9917777777777778,1.0
20190614_1237_icab_hdr_L_no_q4,30,5.2.10,0.9999054045531942,1.0,0.96375,1.0
20190614_1237_icab_hdr_L_of_q1,30,5.2.10,1.0,1.0,1.0,1.0
20190614_1237_icab_hdr_L_of_q2,30,5.2.10,0.9983629265835537,1.0,0.98375,1.0
20190614_1237_icab_hdr_L_of_q3,30,5.2.10,0.9993007188610109,1.0,0.9939722222222223,1.0
20190614_1237_icab_hdr_L_of_q4,30,5.2.10,0.9997874343323919,1.0,0.9683611111111111,1.0
20190614_1307_icab_hdr_R_no_q1,30,5.2.10,1.0,1.0,0.9898055555555556,1.0
20190614_1307_icab_hdr_R_no_q2,30,5.2.10,1.0,1.0,0.9999722222222223,1.0
20190614_1307_icab_hdr_R_no_q3,30,5.2.10,1.0,1.0,0.9996944444444444,1.0
20190614_1307_icab_hdr_R_no_q4,30,5.2.10,0.9998752183678562,1.0,0.9700277777777778,1.0
20190614_1307_icab_hdr_R_of_q1,30,5.2.10,1.0,1.0,0.9958611111111111,1.0
20190614_1307_icab_hdr_R_of_q2,30,5.2.10,1.0,1.0,1.0,1.0
20190614_1307_icab_hdr_R_of_q3,30,5.2.10,1.0,1.0,0.9999722222222223,1.0
20190614_1307_icab_hdr_R_of_q4,30,5.2.10,0.9963286045760272,1.0,0.9820555555555556,1.0
20190614_1335_icab_ho5_L_no_q1,30,5.2.10,1.0,1.0,0.9994444444444445,1.0
20190614_1335_icab_ho5_L_no_q2,30,5.2.10,0.9911930219471019,1.0,0.9959166666666667,1.0
20190614_1335_icab_ho5_L_no_q3,30,5.2.10,0.9999431462846097,1.0,0.9980555555555556,1.0
20190614_1335_icab_ho5_L_no_q4,30,5.2.10,0.999711699244652,1.0,0.9839722222222222,1.0
20190614_1335_icab_ho5_L_of_q1,30,5.2.10,0.9998866694999292,1.0,0.9963888888888889,1.0
20190614_1335_icab_ho5_L_of_q2,30,5.2.10,0.9997494222791435,1.0,0.9974444444444445,1.0
20190614_1335_icab_ho5_L_of_q3,30,5.2.10,0.9952983415968542,1.0,0.9994722222222222,1.0
20190614_1335_icab_ho5_L_of_q4,30,5.2.10,0.9949089701732057,1.0,0.9992777777777778,1.0
20190614_1404_icab_ho5_L_no_q1,30,5.2.10,1.0,1.0,0.9998611111111111,1.0
20190614_1404_icab_ho5_L_no_q2,30,5.2.10,0.9999436714921421,1.0,0.9950555555555556,1.0
20190614_1404_icab_ho5_L_no_q3,30,5.2.10,0.9999418706039644,1.0,0.9982777777777778,1.0
20190614_1404_icab_ho5_L_no_q4,30,5.2.10,1.0,1.0,0.9999166666666667,1.0
20190614_1404_icab_ho5_L_of_q1,30,5.2.10,,,,
20190614_1404_icab_ho5_L_of_q2,30,5.2.10,0.9999166597216435,1.0,1.0,1.0
20190614_1404_icab_ho5_L_of_q3,30,5.2.10,,,,
20190614_1404_icab_ho5_L_of_q4,30,5.2.10,1.0,1.0,1.0,1.0
20190614_1430_icab_hdr_L_no_q1,30,5.2.10,1.0,1.0,1.0,1.0
20190614_1430_icab_hdr_L_no_q2,30,5.2.10,0.9986532994164298,1.0,0.9529722222222222,1.0
20190614_1430_icab_hdr_L_no_q3,30,5.2.10,1.0,1.0,1.0,1.0
20190614_1430_icab_hdr_L_no_q4,30,5.2.10,0.999943966604096,1.0,0.9998055555555555,1.0
20190614_1430_icab_hdr_L_of_q1,30,5.2.10,,,,
20190614_1430_icab_hdr_L_of_q2,30,5.2.10,0.9996944325612662,1.0,0.9929722222222223,1.0
20190614_1430_icab_hdr_L_of_q3,30,5.2.10,1.0,1.0,1.0,1.0
20190614_1430_icab_hdr_L_of_q4,30,5.2.10,,,,
20190614_1456_icab_ho5_R_no_q1,30,5.2.10,1.0,1.0,0.9970555555555556,1.0
20190614_1456_icab_ho5_R_no_q2,30,5.2.10,0.9986138385121867,1.0,0.9908888888888889,1.0
20190614_1456_icab_ho5_R_no_q3,30,5.2.10,1.0,1.0,0.9987222222222222,1.0
20190614_1456_icab_ho5_R_no_q4,30,5.2.10,1.0,1.0,0.9973888888888889,1.0
20190614_1456_icab_ho5_R_of_q1,30,5.2.10,1.0,1.0,0.9993888888888889,1.0
20190614_1456_icab_ho5_R_of_q2,30,5.2.10,1.0,1.0,0.9944722222222222,1.0
20190614_1456_icab_ho5_R_of_q3,30,5.2.10,1.0,1.0,0.9990833333333333,1.0
20190614_1456_icab_ho5_R_of_q4,30,5.2.10,1.0,1.0,1.0,1.0
20190614_1524_icab_icab_R_no_q1,30,5.2.10,1.0,1.0,1.0,1.0
20190614_1524_icab_icab_R_no_q2,30,5.2.10,1.0,1.0,0.99975,1.0
20190614_1524_icab_icab_R_no_q3,30,5.2.10,0.9999410342590954,1.0,0.9991666666666666,1.0
20190614_1524_icab_icab_R_no_q4,30,5.2.10,1.0,1.0,0.9980833333333333,1.0
20190614_1524_icab_icab_R_of_q1,30,5.2.10,0.9998844865426822,1.0,0.99875,1.0
20190614_1524_icab_icab_R_of_q2,30,5.2.10,0.999943394090343,1.0,1.0,1.0
20190614_1524_icab_icab_R_of_q3,30,5.2.10,0.9998263285863147,1.0,0.9988055555555555,1.0
20190614_1524_icab_icab_R_of_q4,30,5.2.10,0.9998199549887472,1.0,0.9994444444444445,1.0
20190614_1553_icab_hni_L_no_q1,30,5.2.10,1.0,1.0,0.9999444444444444,1.0
20190614_1553_icab_hni_L_no_q2,30,5.2.10,1.0,1.0,0.9995833333333334,1.0
20190614_1553_icab_hni_L_no_q3,30,5.2.10,1.0,1.0,1.0,1.0
20190614_1553_icab_hni_L_no_q4,30,5.2.10,1.0,1.0,0.9976666666666667,1.0
20190614_1553_icab_hni_L_of_q1,30,5.2.10,1.0,1.0,1.0,1.0
20190614_1553_icab_hni_L_of_q2,30,5.2.10,1.0,1.0,1.0,1.0
20190614_1553_icab_hni_L_of_q3,30,5.2.10,0.9999428538773644,1.0,0.9991944444444445,1.0
20190614_1553_icab_hni_L_of_q4,30,5.2.10,0.9999440230624983,1.0,0.9982777777777778,1.0
20190614_1619_icab_kaga_L_no_q1,30,5.2.10,1.0,1.0,0.99975,1.0
20190614_1619_icab_kaga_L_no_q2,30,5.2.10,0.9999421463696847,1.0,0.9951111111111111,1.0
20190614_1619_icab_kaga_L_no_q3,30,5.2.10,1.0,1.0,1.0,1.0
20190614_1619_icab_kaga_L_no_q4,30,5.2.10,1.0,1.0,1.0,1.0
20190614_1619_icab_kaga_L_of_q1,30,5.2.10,1.0,1.0,1.0,1.0
20190614_1619_icab_kaga_L_of_q2,30,5.2.10,1.0,1.0,0.9975833333333334,1.0
20190614_1619_icab_kaga_L_of_q3,30,5.2.10,1.0,1.0,1.0,1.0
20190614_1619_icab_kaga_L_of_q4,30,5.2.10,,,,
20190614_1644_icab_hni_L_no_q1,30,5.2.10,1.0,1.0,0.99675,1.0
20190614_1644_icab_hni_L_no_q2,30,5.2.10,1.0,1.0,0.9954444444444445,1.0
20190614_1644_icab_hni_L_no_q3,30,5.2.10,0.9999399741889012,1.0,0.9950833333333333,1.0
20190614_1644_icab_hni_L_no_q4,30,5.2.10,0.9999089750591662,1.0,0.9978888888888889,1.0
20190614_1644_icab_hni_L_of_q1,30,5.2.10,1.0,1.0,0.9985,1.0
20190614_1644_icab_hni_L_of_q2,30,5.2.10,0.9999421246057238,1.0,0.9928055555555556,1.0
20190614_1644_icab_hni_L_of_q3,30,5.2.10,0.9999708726552488,1.0,0.9983055555555556,1.0
20190614_1644_icab_hni_L_of_q4,30,5.2.10,1.0,1.0,0.99375,1.0
20190615_1022_icab_ho5_L_no_q1,30,5.2.10,1.0,1.0,0.9974722222222222,1.0
20190615_1022_icab_ho5_L_no_q2,30,5.2.10,0.9997006525773813,1.0,0.9916111111111111,1.0
20190615_1022_icab_ho5_L_no_q3,30,5.2.10,1.0,1.0,0.9898611111111111,1.0
20190615_1022_icab_ho5_L_no_q4,30,5.2.10,1.0,1.0,1.0,1.0
20190615_1022_icab_ho5_L_of_q1,30,5.2.10,0.9998325519089082,1.0,0.9955,1.0
20190615_1022_icab_ho5_L_of_q2,30,5.2.10,0.9999025815879201,1.0,0.9692777777777778,1.0
20190615_1022_icab_ho5_L_of_q3,30,5.2.10,0.9998245767915095,1.0,0.9941388888888889,1.0
20190615_1022_icab_ho5_L_of_q4,30,5.2.10,1.0,1.0,1.0,1.0
20190615_1051_icab_hdr_L_no_q1,30,5.2.10,0.9998841251448436,1.0,0.9979444444444444,1.0
20190615_1051_icab_hdr_L_no_q2,30,5.2.10,1.0,1.0,0.9992777777777778,1.0
20190615_1051_icab_hdr_L_no_q3,30,5.2.10,0.9996012418468199,1.0,0.9943888888888889,1.0
20190615_1051_icab_hdr_L_no_q4,30,5.2.10,0.9994585506255165,1.0,0.9865,1.0
20190615_1051_icab_hdr_L_of_q1,30,5.2.10,0.999885828457257,1.0,0.9993888888888889,1.0
20190615_1051_icab_hdr_L_of_q2,30,5.2.10,0.9998021592900345,1.0,0.9983611111111111,1.0
20190615_1051_icab_hdr_L_of_q3,30,5.2.10,0.9999444413578532,1.0,1.0,1.0
20190615_1051_icab_hdr_L_of_q4,30,5.2.10,0.999888756014128,1.0,0.9989166666666667,1.0
20190615_1117_icab_kaga_L_no_q1,30,5.2.10,1.0,1.0,0.9957777777777778,1.0
20190615_1117_icab_kaga_L_no_q2,30,5.2.10,0.9996165644171779,1.0,0.9803611111111111,1.0
20190615_1117_icab_kaga_L_no_q3,30,5.2.10,0.9993969546208352,1.0,0.9912777777777778,1.0
20190615_1117_icab_kaga_L_no_q4,30,5.2.10,0.9999711166310439,1.0,0.9937222222222222,1.0
20190615_1117_icab_kaga_L_of_q1,30,5.2.10,0.9998816603059081,1.0,0.9999721479500892,1.0
20190615_1117_icab_kaga_L_of_q2,30,5.2.10,0.9994605286818917,1.0,0.9966856060606061,1.0
20190615_1117_icab_kaga_L_of_q3,30,5.2.10,0.9997074398057401,1.0,0.9984959893048129,1.0
20190615_1117_icab_kaga_L_of_q4,30,5.2.10,0.9999424576344333,1.0,0.9956272281639929,1.0
20190615_1145_icab_hni_R_no_q1,30,5.2.10,1.0,1.0,0.9971388888888889,1.0
20190615_1145_icab_hni_R_no_q2,30,5.2.10,1.0,1.0,0.9960277777777777,1.0
20190615_1145_icab_hni_R_no_q3,30,5.2.10,0.999871523093724,1.0,0.99675,1.0
20190615_1145_icab_hni_R_no_q4,30,5.2.10,1.0,1.0,0.9998055555555555,1.0
20190615_1145_icab_hni_R_of_q1,30,5.2.10,1.0,1.0,0.9979722222222223,1.0
20190615_1145_icab_hni_R_of_q2,30,5.2.10,1.0,1.0,0.9974166666666666,1.0
20190615_1145_icab_hni_R_of_q3,30,5.2.10,0.9999380363726492,1.0,0.9986666666666667,1.0
20190615_1145_icab_hni_R_of_q4,30,5.2.10,1.0,1.0,1.0,1.0
20190615_1210_icab_ho5_R_no_q1,30,5.2.10,1.0,1.0,0.9960555555555556,1.0
20190615_1210_icab_ho5_R_no_q2,30,5.2.10,0.999325629157343,1.0,0.9901666666666666,1.0
20190615_1210_icab_ho5_R_no_q3,30,5.2.10,0.9998655190962883,1.0,0.9733888888888889,1.0
20190615_1210_icab_ho5_R_no_q4,30,5.2.10,0.9999685742119984,1.0,0.98475,1.0
20190615_1210_icab_ho5_R_of_q1,30,5.2.10,0.9997958052565561,1.0,0.9741388888888889,1.0
20190615_1210_icab_ho5_R_of_q2,30,5.2.10,0.999812961750678,1.0,0.9842222222222222,1.0
20190615_1210_icab_ho5_R_of_q3,30,5.2.10,0.9999398369581566,1.0,0.994,1.0
20190615_1210_icab_ho5_R_of_q4,30,5.2.10,1.0,1.0,0.99175,1.0
20190615_1236_icab_hdr_R_no_q1,30,5.2.10,1.0,1.0,0.9981111111111111,1.0
20190615_1236_icab_hdr_R_no_q2,30,5.2.10,1.0,1.0,0.999,1.0
20190615_1236_icab_hdr_R_no_q3,30,5.2.10,1.0,1.0,0.999,1.0
20190615_1236_icab_hdr_R_no_q4,30,5.2.10,0.9999434085057016,1.0,0.9978611111111111,1.0
20190615_1236_icab_hdr_R_of_q1,30,5.2.10,,,,
20190615_1236_icab_hdr_R_of_q2,30,5.2.10,1.0,1.0,0.9994444444444445,1.0
20190615_1236_icab_hdr_R_of_q3,30,5.2.10,1.0,1.0,1.0,1.0
20190615_1236_icab_hdr_R_of_q4,30,5.2.10,1.0,1.0,1.0,1.0
20190615_1305_icab_ho5_R_no_q1,30,5.2.10,0.9996376407626268,1.0,0.9969166666666667,1.0
20190615_1305_icab_ho5_R_no_q2,30,5.2.10,0.9999722021459944,1.0,0.9996666666666667,1.0
20190615_1305_icab_ho5_R_no_q3,30,5.2.10,1.0,1.0,1.0,1.0
20190615_1305_icab_ho5_R_no_q4,30,5.2.10,1.0,1.0,0.9849722222222222,1.0
20190615_1305_icab_ho5_R_of_q1,30,5.2.10,1.0,1.0,0.9993888888888889,1.0
20190615_1305_icab_ho5_R_of_q2,30,5.2.10,0.9999443083092002,1.0,0.9978611111111111,1.0
20190615_1305_icab_ho5_R_of_q3,30,5.2.10,1.0,1.0,1.0,1.0
20190615_1305_icab_ho5_R_of_q4,30,5.2.10,0.9999413403724886,1.0,0.9942222222222222,1.0
20190615_1332_icab_icab_L_no_q1,30,5.2.10,0.9993240045967687,1.0,0.9919722222222223,1.0
20190615_1332_icab_icab_L_no_q2,30,5.2.10,1.0,1.0,1.0,1.0
20190615_1332_icab_icab_L_no_q3,30,5.2.10,1.0,1.0,1.0,1.0
20190615_1332_icab_icab_L_no_q4,30,5.2.10,0.9996453167026276,1.0,0.9985,1.0
20190615_1332_icab_icab_L_of_q1,30,5.2.10,0.9992179980750722,1.0,0.9978888888888889,1.0
20190615_1332_icab_icab_L_of_q2,30,5.2.10,1.0,1.0,1.0,1.0
20190615_1332_icab_icab_L_of_q3,30,5.2.10,1.0,1.0,1.0,1.0
20190615_1332_icab_icab_L_of_q4,30,5.2.10,0.9994794076816289,1.0,1.0,1.0
20190615_1358_icab_icab_L_no_q1,30,5.2.10,0.9986357435197817,1.0,1.0,1.0
20190615_1358_icab_icab_L_no_q2,30,5.2.10,0.9986468200270636,1.0,0.9956666666666667,1.0
20190615_1358_icab_icab_L_no_q3,30,5.2.10,0.9988201584358671,1.0,1.0,1.0
20190615_1358_icab_icab_L_no_q4,30,5.2.10,0.9977974326324122,1.0,0.9948055555555556,1.0
20190615_1358_icab_icab_L_of_q1,30,5.2.10,1.0,1.0,0.9996111111111111,1.0
20190615_1358_icab_icab_L_of_q2,30,5.2.10,0.9998106777735706,1.0,0.9955,1.0
20190615_1358_icab_icab_L_of_q3,30,5.2.10,1.0,1.0,0.9992777777777778,1.0
20190615_1358_icab_icab_L_of_q4,30,5.2.10,0.9999368048533872,1.0,0.9921666666666666,1.0
20190615_1423_icab_icab_L_no_q1,30,5.2.10,1.0,1.0,0.9974444444444445,1.0
20190615_1423_icab_icab_L_no_q2,30,5.2.10,1.0,1.0,0.9977777777777778,1.0
20190615_1423_icab_icab_L_no_q3,30,5.2.10,0.9983843944471039,1.0,0.9940833333333333,1.0
20190615_1423_icab_icab_L_no_q4,30,5.2.10,0.9999721951897679,1.0,1.0,1.0
20190615_1423_icab_icab_L_of_q1,30,5.2.10,1.0,1.0,0.9993611111111111,1.0
20190615_1423_icab_icab_L_of_q2,30,5.2.10,1.0,1.0,0.9993611111111111,1.0
20190615_1423_icab_icab_L_of_q3,30,5.2.10,0.9998209810239885,1.0,0.9950555555555556,1.0
20190615_1423_icab_icab_L_of_q4,30,5.2.10,1.0,1.0,0.9984722222222222,1.0
20190615_1452_icab_hdr_L_no_q1,30,5.2.10,0.9998517464270888,1.0,0.9935,1.0
20190615_1452_icab_hdr_L_no_q2,30,5.2.10,1.0,1.0,0.9985277777777778,1.0
20190615_1452_icab_hdr_L_no_q3,30,5.2.10,0.9999695604529405,1.0,0.9771944444444445,1.0
20190615_1452_icab_hdr_L_no_q4,30,5.2.10,1.0,1.0,0.9993888888888889,1.0
20190615_1452_icab_hdr_L_of_q1,30,5.2.10,0.9986119911891614,1.0,0.9981666666666666,1.0
20190615_1452_icab_hdr_L_of_q2,30,5.2.10,1.0,1.0,0.9965833333333334,1.0
20190615_1452_icab_hdr_L_of_q3,30,5.2.10,1.0,1.0,0.9750555555555556,1.0
20190615_1452_icab_hdr_L_of_q4,30,5.2.10,1.0,1.0,0.9997222222222222,1.0
20190615_1518_icab_kaga_L_no_q1,30,5.2.10,0.9996997988652397,1.0,0.9362777777777778,1.0
20190615_1518_icab_kaga_L_no_q2,30,5.2.10,0.9996540227715921,1.0,0.8922222222222222,1.0
20190615_1518_icab_kaga_L_no_q3,30,5.2.10,0.9993884642112578,1.0,0.9999166666666667,1.0
20190615_1518_icab_kaga_L_no_q4,30,5.2.10,0.9998508531201528,1.0,0.9986388888888889,1.0
20190615_1518_icab_kaga_L_of_q1,30,5.2.10,0.9999099774943736,1.0,0.9373055555555555,1.0
20190615_1518_icab_kaga_L_of_q2,30,5.2.10,1.0,1.0,0.9155277777777778,1.0
20190615_1518_icab_kaga_L_of_q3,30,5.2.10,1.0,1.0,0.9998333333333334,1.0
20190615_1518_icab_kaga_L_of_q4,30,5.2.10,0.9998838087492011,1.0,0.9991944444444445,1.0
20190615_1549_icab_hni_L_no_q1,30,5.2.10,1.0,1.0,0.9906388888888888,1.0
20190615_1549_icab_hni_L_no_q2,30,5.2.10,1.0,1.0,1.0,1.0
20190615_1549_icab_hni_L_no_q3,30,5.2.10,,,,
20190615_1549_icab_hni_L_no_q4,30,5.2.10,0.9997512515158111,1.0,0.9838333333333333,1.0
20190615_1549_icab_hni_L_of_q1,30,5.2.10,0.9999714408110809,1.0,0.9956111111111111,1.0
20190615_1549_icab_hni_L_of_q2,30,5.2.10,0.9998161144993717,1.0,0.9989444444444444,1.0
20190615_1549_icab_hni_L_of_q3,30,5.2.10,1.0,1.0,0.99725,1.0
20190615_1549_icab_hni_L_of_q4,30,5.2.10,0.9998794236450232,1.0,0.9933611111111111,1.0
20190615_1616_icab_hni_L_no_q1,30,5.2.10,0.9998839503307415,1.0,0.9906388888888888,1.0
20190615_1616_icab_hni_L_no_q2,30,5.2.10,0.9999420743186491,1.0,0.9931944444444445,1.0
20190615_1616_icab_hni_L_no_q3,30,5.2.10,0.9977924944812362,1.0,0.9707777777777777,1.0
20190615_1616_icab_hni_L_no_q4,30,5.2.10,0.9999323410013532,1.0,0.97075,1.0
20190615_1616_icab_hni_L_of_q1,30,5.2.10,0.9999413007748298,1.0,0.9949444444444444,1.0
20190615_1616_icab_hni_L_of_q2,30,5.2.10,1.0,1.0,0.9916388888888888,1.0
20190615_1616_icab_hni_L_of_q3,30,5.2.10,0.9962618422554503,1.0,0.9773333333333334,1.0
20190615_1616_icab_hni_L_of_q4,30,5.2.10,1.0,1.0,0.9967222222222222,1.0
20190615_1649_icab_icab_L_no_q1,30,5.2.10,0.9999429370310138,1.0,0.9990277777777777,1.0
20190615_1649_icab_icab_L_no_q2,30,5.2.10,1.0,1.0,0.9761944444444445,1.0
20190615_1649_icab_icab_L_no_q3,30,5.2.10,0.997874667916862,1.0,0.8898055555555555,1.0
20190615_1649_icab_icab_L_no_q4,30,5.2.10,1.0,1.0,0.9998611111111111,1.0
20190615_1649_icab_icab_L_of_q1,30,5.2.10,0.9999434453116164,1.0,0.9986666666666667,1.0
20190615_1649_icab_icab_L_of_q2,30,5.2.10,1.0,1.0,0.9756944444444444,1.0
20190615_1649_icab_icab_L_of_q3,30,5.2.10,0.9991430260047282,1.0,0.9408055555555556,1.0
20190615_1649_icab_icab_L_of_q4,30,5.2.10,0.9987734507847127,1.0,0.9978055555555555,1.0
20190615_1714_icab_icab_L_no_q1,30,5.2.10,1.0,1.0,0.9997777777777778,1.0
20190615_1714_icab_icab_L_no_q2,30,5.2.10,1.0,1.0,0.9968611111111111,1.0
20190615_1714_icab_icab_L_no_q3,30,5.2.10,0.9998105522402198,1.0,0.9988611111111111,1.0
20190615_1714_icab_icab_L_no_q4,30,5.2.10,1.0,1.0,0.9997222222222222,1.0
20190615_1714_icab_icab_L_of_q1,30,5.2.10,1.0,1.0,0.9994444444444445,1.0
20190615_1714_icab_icab_L_of_q2,30,5.2.10,0.9998222380232868,1.0,0.9813611111111111,1.0
20190615_1714_icab_icab_L_of_q3,30,5.2.10,1.0,1.0,0.9979722222222223,1.0
20190615_1714_icab_icab_L_of_q4,30,5.2.10,1.0,1.0,0.99975,1.0
20190616_0923_icab_icab_L_no_q1,30,5.2.10,0.9993895974555852,1.0,0.9812222222222222,1.0
20190616_0923_icab_icab_L_no_q2,30,5.2.10,0.9994222992489891,1.0,0.9831944444444445,1.0
20190616_0923_icab_icab_L_no_q3,30,5.2.10,1.0,1.0,0.9999722222222223,1.0
20190616_0923_icab_icab_L_no_q4,30,5.2.10,0.9998866855524079,1.0,0.9991111111111111,1.0
20190616_0923_icab_icab_L_of_q1,30,5.2.10,0.9999397245411531,1.0,0.995,1.0
20190616_0923_icab_icab_L_of_q2,30,5.2.10,0.9997544957957405,1.0,0.9731944444444445,1.0
20190616_0923_icab_icab_L_of_q3,30,5.2.10,0.9998860431326743,1.0,0.9997222222222222,1.0
20190616_0923_icab_icab_L_of_q4,30,5.2.10,1.0,1.0,0.9999722222222223,1.0
20190616_0948_icab_hdr_L_no_q1,30,5.2.10,0.9994438651372958,1.0,0.9636111111111111,1.0
20190616_0948_icab_hdr_L_no_q2,30,5.2.10,1.0,1.0,0.9987222222222222,1.0
20190616_0948_icab_hdr_L_no_q3,30,5.2.10,0.9996653992395437,1.0,0.9848888888888889,1.0
20190616_0948_icab_hdr_L_no_q4,30,5.2.10,1.0,1.0,1.0,1.0
20190616_0948_icab_hdr_L_of_q1,30,5.2.10,0.9997956751234462,1.0,0.9849722222222222,1.0
20190616_0948_icab_hdr_L_of_q2,30,5.2.10,1.0,1.0,0.9861111111111112,1.0
20190616_0948_icab_hdr_L_of_q3,30,5.2.10,0.9998209275950576,1.0,0.9943333333333333,1.0
20190616_0948_icab_hdr_L_of_q4,30,5.2.10,1.0,1.0,0.9994444444444445,1.0
20190616_1017_icab_kaga_R_no_q1,30,5.2.10,0.9994122257053292,1.0,0.9798888888888889,1.0
20190616_1017_icab_kaga_R_no_q2,30,5.2.10,0.9999432027944225,1.0,0.9989722222222223,1.0
20190616_1017_icab_kaga_R_no_q3,30,5.2.10,0.9982620160613688,1.0,0.9845,1.0
20190616_1017_icab_kaga_R_no_q4,30,5.2.10,1.0,1.0,1.0,1.0
20190616_1017_icab_kaga_R_of_q1,30,5.2.10,0.9998828079221844,1.0,0.9934166666666666,1.0
20190616_1017_icab_kaga_R_of_q2,30,5.2.10,0.9997721965943391,1.0,1.0,1.0
20190616_1017_icab_kaga_R_of_q3,30,5.2.10,0.9999713080653029,1.0,0.9961666666666666,1.0
20190616_1017_icab_kaga_R_of_q4,30,5.2.10,1.0,1.0,1.0,1.0
20190616_1045_icab_icab_L_no_q1,30,5.2.10,1.0,1.0,0.9666666666666667,1.0
20190616_1045_icab_icab_L_no_q2,30,5.2.10,0.9999126077837334,1.0,0.9871944444444445,1.0
20190616_1045_icab_icab_L_no_q3,30,5.2.10,0.999937589714785,1.0,0.9943611111111111,1.0
20190616_1045_icab_icab_L_no_q4,30,5.2.10,0.9999697967320064,1.0,0.9763611111111111,1.0
20190616_1045_icab_icab_L_of_q1,30,5.2.10,1.0,1.0,1.0,1.0
20190616_1045_icab_icab_L_of_q2,30,5.2.10,1.0,1.0,0.9988611111111111,1.0
20190616_1045_icab_icab_L_of_q3,30,5.2.10,0.9999433908859326,1.0,0.9995555555555555,1.0
20190616_1045_icab_icab_L_of_q4,30,5.2.10,0.9999707422686445,1.0,0.9877222222222222,1.0
20190616_1110_icab_icab_L_no_q1,30,5.2.10,,,,
20190616_1110_icab_icab_L_no_q2,30,5.2.10,1.0,1.0,0.9998611111111111,1.0
20190616_1110_icab_icab_L_no_q3,30,5.2.10,1.0,1.0,1.0,1.0
20190616_1110_icab_icab_L_no_q4,30,5.2.10,1.0,1.0,0.9999722222222223,1.0
20190616_1110_icab_icab_L_of_q1,30,5.2.10,,,,
20190616_1110_icab_icab_L_of_q2,30,5.2.10,1.0,1.0,1.0,1.0
20190616_1110_icab_icab_L_of_q3,30,5.2.10,1.0,1.0,1.0,1.0
20190616_1110_icab_icab_L_of_q4,30,5.2.10,1.0,1.0,0.9998055555555555,1.0
20190616_1135_icab_kaga_R_no_q1,30,5.2.10,1.0,1.0,1.0,1.0
20190616_1135_icab_kaga_R_no_q2,30,5.2.10,0.9999407898632245,1.0,0.9910277777777777,1.0
20190616_1135_icab_kaga_R_no_q3,30,5.2.10,1.0,1.0,1.0,1.0
20190616_1135_icab_kaga_R_no_q4,30,5.2.10,1.0,1.0,0.9999444444444444,1.0
20190616_1135_icab_kaga_R_of_q1,30,5.2.10,1.0,1.0,1.0,1.0
20190616_1135_icab_kaga_R_of_q2,30,5.2.10,1.0,1.0,0.9978055555555555,1.0
20190616_1135_icab_kaga_R_of_q3,30,5.2.10,1.0,1.0,1.0,1.0
20190616_1135_icab_kaga_R_of_q4,30,5.2.10,1.0,1.0,0.99975,1.0
20190616_1210_icab_icab_R_no_q1,30,5.2.10,,,,
20190616_1210_icab_icab_R_no_q2,30,5.2.10,,,,
20190616_1210_icab_icab_R_no_q3,30,5.2.10,1.0,1.0,0.94175,1.0
20190616_1210_icab_icab_R_no_q4,30,5.2.10,,,,
20190616_1210_icab_icab_R_of_q1,30,5.2.10,1.0,1.0,1.0,1.0
20190616_1210_icab_icab_R_of_q2,30,5.2.10,0.9999444012009341,1.0,1.0,1.0
20190616_1210_icab_icab_R_of_q3,30,5.2.10,0.9999438265363443,1.0,0.9979444444444444,1.0
20190616_1210_icab_icab_R_of_q4,30,5.2.10,1.0,1.0,1.0,1.0
20190616_1227_icab_kaga_R_no_q1,30,5.2.10,1.0,1.0,0.9949056709399317,1.0
20190616_1227_icab_kaga_R_no_q2,30,5.2.10,1.0,1.0,1.0,1.0
20190616_1227_icab_kaga_R_no_q4,30,5.2.10,1.0,1.0,0.9999720091809886,1.0
20190616_1227_icab_kaga_R_of_q1,30,5.2.10,1.0,1.0,0.9994166666666666,1.0
20190616_1227_icab_kaga_R_of_q2,30,5.2.10,0.9998869928805515,1.0,0.9986944444444444,1.0
20190616_1227_icab_kaga_R_of_q4,30,5.2.10,1.0,1.0,0.9999166666666667,1.0
20190616_1256_icab_kaga_L_no_q1,30,5.2.10,0.9998834159137278,1.0,0.99825,1.0
20190616_1256_icab_kaga_L_no_q2,30,5.2.10,1.0,1.0,1.0,1.0
20190616_1256_icab_kaga_L_no_q3,30,5.2.10,0.9995602016306371,1.0,0.95775,1.0
20190616_1256_icab_kaga_L_no_q4,30,5.2.10,1.0,1.0,1.0,1.0
20190616_1256_icab_kaga_L_of_q1,30,5.2.10,1.0,1.0,0.9992222222222222,1.0
20190616_1256_icab_kaga_L_of_q2,30,5.2.10,1.0,1.0,0.9999444444444444,1.0
20190616_1256_icab_kaga_L_of_q3,30,5.2.10,1.0,1.0,0.9981944444444445,1.0
20190616_1256_icab_kaga_L_of_q4,30,5.2.10,1.0,1.0,1.0,1.0
20190616_1325_icab_hni_R_no_q1,30,5.2.10,,,,
20190616_1325_icab_hni_R_no_q2,30,5.2.10,1.0,1.0,0.9916111111111111,1.0
20190616_1325_icab_hni_R_no_q3,30,5.2.10,0.999934342273727,1.0,0.9897222222222222,1.0
20190616_1325_icab_hni_R_no_q4,30,5.2.10,0.9999715715260404,1.0,0.9989722222222223,1.0
20190616_1325_icab_hni_R_of_q1,30,5.2.10,1.0,1.0,1.0,1.0
20190616_1325_icab_hni_R_of_q2,30,5.2.10,1.0,1.0,0.9938055555555556,1.0
20190616_1325_icab_hni_R_of_q3,30,5.2.10,1.0,1.0,0.9993333333333333,1.0
20190616_1325_icab_hni_R_of_q4,30,5.2.10,1.0,1.0,0.9954722222222222,1.0
20190616_1351_icab_ho5_L_no_q1,30,5.2.10,0.9999400910615864,1.0,0.9850833333333333,1.0
20190616_1351_icab_ho5_L_no_q2,30,5.2.10,0.9999412869891968,1.0,0.9995833333333334,1.0
20190616_1351_icab_ho5_L_no_q3,30,5.2.10,0.9996858668646658,1.0,0.9977222222222222,1.0
20190616_1351_icab_ho5_L_no_q4,30,5.2.10,1.0,1.0,0.9994722222222222,1.0
20190616_1351_icab_ho5_L_of_q1,30,5.2.10,1.0,1.0,0.9904166666666666,1.0
20190616_1351_icab_ho5_L_of_q2,30,5.2.10,0.9999433652375829,1.0,0.9993888888888889,1.0
20190616_1351_icab_ho5_L_of_q3,30,5.2.10,1.0,1.0,0.9961944444444445,1.0
20190616_1351_icab_ho5_L_of_q4,30,5.2.10,1.0,1.0,1.0,1.0
20190616_1417_icab_hni_L_no_q1,30,5.2.10,0.9998840781313395,1.0,1.0,1.0
20190616_1417_icab_hni_L_no_q2,30,5.2.10,0.9999429777042824,1.0,1.0,1.0
20190616_1417_icab_hni_L_no_q3,30,5.2.10,0.9999702646446625,1.0,0.9998611111111111,1.0
20190616_1417_icab_hni_L_no_q4,30,5.2.10,1.0,1.0,0.9971388888888889,1.0
20190616_1417_icab_hni_L_of_q1,30,5.2.10,0.9998745412915974,1.0,0.9941388888888889,1.0
20190616_1417_icab_hni_L_of_q2,30,5.2.10,0.9999420793512888,1.0,1.0,1.0
20190616_1417_icab_hni_L_of_q3,30,5.2.10,1.0,1.0,0.9986944444444444,1.0
20190616_1417_icab_hni_L_of_q4,30,5.2.10,1.0,1.0,0.9999166666666667,1.0
20190616_1441_icab_hni_L_no_q1,30,5.2.10,0.9993357487922705,1.0,0.9901666666666666,1.0
20190616_1441_icab_hni_L_no_q2,30,5.2.10,0.9994435014886335,1.0,0.9998611111111111,1.0
20190616_1441_icab_hni_L_no_q3,30,5.2.10,0.9996027241770715,1.0,0.9965,1.0
20190616_1441_icab_hni_L_no_q4,30,5.2.10,0.9989666981577704,1.0,0.985,1.0
20190616_1441_icab_hni_L_of_q1,30,5.2.10,1.0,1.0,0.9984166666666666,1.0
20190616_1441_icab_hni_L_of_q2,30,5.2.10,0.9999438328465513,1.0,1.0,1.0
20190616_1441_icab_hni_L_of_q3,30,5.2.10,1.0,1.0,0.9964722222222222,1.0
20190616_1441_icab_hni_L_of_q4,30,5.2.10,1.0,1.0,0.9991944444444445,1.0
20190616_1506_icab_hni_L_no_q1,30,5.2.10,1.0,1.0,0.9807777777777777,1.0
20190616_1506_icab_hni_L_no_q2,30,5.2.10,1.0,1.0,0.9976666666666667,1.0
20190616_1506_icab_hni_L_no_q3,30,5.2.10,1.0,1.0,0.9986944444444444,1.0
20190616_1506_icab_hni_L_no_q4,30,5.2.10,1.0,1.0,0.9997777777777778,1.0
20190616_1506_icab_hni_L_of_q1,30,5.2.10,1.0,1.0,0.9745833333333334,1.0
20190616_1506_icab_hni_L_of_q2,30,5.2.10,1.0,1.0,0.9999444444444444,1.0
20190616_1506_icab_hni_L_of_q3,30,5.2.10,0.9998171679312552,1.0,0.998,1.0
20190616_1506_icab_hni_L_of_q4,30,5.2.10,0.9999427901255756,1.0,0.9998055555555555,1.0
20190616_1531_icab_hdr_L_no_q1,30,5.2.10,,,,
20190616_1531_icab_hdr_L_no_q2,30,5.2.10,1.0,1.0,0.9998611111111111,1.0
20190616_1531_icab_hdr_L_no_q3,30,5.2.10,1.0,1.0,0.9672777777777778,1.0
20190616_1531_icab_hdr_L_no_q4,30,5.2.10,,,,
20190616_1531_icab_hdr_L_of_q1,30,5.2.10,0.9999424327902826,1.0,1.0,1.0
20190616_1531_icab_hdr_L_of_q2,30,5.2.10,1.0,1.0,1.0,1.0
20190616_1531_icab_hdr_L_of_q3,30,5.2.10,1.0,1.0,0.998,1.0
20190616_1531_icab_hdr_L_of_q4,30,5.2.10,0.9999162268576695,1.0,1.0,1.0
20190616_1556_icab_hdr_L_no_q1,30,5.2.10,1.0,1.0,1.0,1.0
20190616_1556_icab_hdr_L_no_q2,30,5.2.10,0.9998300475866757,1.0,0.9941944444444445,1.0
20190616_1556_icab_hdr_L_no_q3,30,5.2.10,1.0,1.0,0.9955,1.0
20190616_1556_icab_hdr_L_no_q4,30,5.2.10,1.0,1.0,0.9973055555555556,1.0
20190616_1556_icab_hdr_L_of_q1,30,5.2.10,1.0,1.0,1.0,1.0
20190616_1556_icab_hdr_L_of_q2,30,5.2.10,1.0,1.0,1.0,1.0
20190616_1556_icab_hdr_L_of_q3,30,5.2.10,1.0,1.0,1.0,1.0
20190616_1556_icab_hdr_L_of_q4,30,5.2.10,1.0,1.0,0.99975,1.0
20190616_1622_icab_ho5_L_no_q1,30,5.2.10,0.9996246246246246,1.0,1.0,1.0
20190616_1622_icab_ho5_L_no_q2,30,5.2.10,0.9998598733254862,1.0,0.9998055555555555,1.0
20190616_1622_icab_ho5_L_no_q3,30,5.2.10,0.9999703800242884,1.0,0.9422777777777778,1.0
20190616_1622_icab_ho5_L_no_q4,30,5.2.10,0.9994605448497018,1.0,0.9822777777777778,1.0
20190616_1622_icab_ho5_L_of_q1,30,5.2.10,0.9998794926641159,1.0,0.9998055555555555,1.0
20190616_1622_icab_ho5_L_of_q2,30,5.2.10,1.0,1.0,0.9994444444444445,1.0
20190616_1622_icab_ho5_L_of_q3,30,5.2.10,0.9986916460206553,1.0,0.9985,1.0
20190616_1622_icab_ho5_L_of_q4,30,5.2.10,0.9999705292938819,1.0,0.9913055555555556,1.0
20190616_1651_icab_icab_L_no_q1,30,5.2.10,0.9999422416033731,1.0,0.9888055555555556,1.0
20190616_1651_icab_icab_L_no_q2,30,5.2.10,1.0,1.0,0.9989166666666667,1.0
20190616_1651_icab_icab_L_no_q3,30,5.2.10,1.0,1.0,0.9981944444444445,1.0
20190616_1651_icab_icab_L_no_q4,30,5.2.10,1.0,1.0,0.99925,1.0
20190616_1651_icab_icab_L_of_q1,30,5.2.10,1.0,1.0,0.9953055555555556,1.0
20190616_1651_icab_icab_L_of_q2,30,5.2.10,0.9999428914080123,1.0,0.9969722222222223,1.0
20190616_1651_icab_icab_L_of_q3,30,5.2.10,0.9999718031862399,1.0,0.9979444444444444,1.0
20190616_1651_icab_icab_L_of_q4,30,5.2.10,1.0,1.0,0.9987777777777778,1.0
20190616_1717_icab_icab_L_no_q1,30,5.2.10,1.0,1.0,0.9953333333333333,1.0
20190616_1717_icab_icab_L_no_q2,30,5.2.10,0.9999418317191635,1.0,0.99725,1.0
20190616_1717_icab_icab_L_no_q3,30,5.2.10,0.9992549129179473,1.0,0.9925,1.0
20190616_1717_icab_icab_L_no_q4,30,5.2.10,1.0,1.0,0.9998333333333334,1.0
20190616_1717_icab_icab_L_of_q1,30,5.2.10,1.0,1.0,0.9806388888888888,1.0
20190616_1717_icab_icab_L_of_q2,30,5.2.10,1.0,1.0,0.9973611111111111,1.0
20190616_1717_icab_icab_L_of_q3,30,5.2.10,1.0,1.0,0.9993888888888889,1.0
20190616_1717_icab_icab_L_of_q4,30,5.2.10,1.0,1.0,0.9988888888888889,1.0
